{
  "actions": [
    "N",
    "NE",
    "E",
    "SE",
    "S",
    "SW",
    "W",
    "NW",
    "PLACE_BARRIER"
  ],
  "params": {
    "alpha": 0.1,
    "gamma": 0.9,
    "epsilon": 0.01
  },
  "q": {
    "-2,-1": [
      -0.1,
      -0.1,
      0.30120515315743185,
      0.0,
      1.9038601452406732,
      -0.1,
      43.09999869188554,
      3.5039133858843168,
      3.3459096142917826
    ],
    "-2,-2": [
      -0.02003412318867386,
      0.0,
      30.878764634658143,
      1.7751414295530843,
      32.117630312421426,
      0.0,
      0.0,
      0.0,
      0.0
    ],
    "-2,0": [
      0.0,
      0.0,
      -0.1,
      0.0,
      -0.0014400999999999997,
      3.402020107462598,
      41.146706107252506,
      0.0,
      0.0
    ],
    "-2,1": [
      3.4004626177024346,
      5.277147988943903,
      5.311863731949224,
      0.15055411984828174,
      10.006209082115092,
      9.540477213545175,
      43.0999999996025,
      0.0,
      3.775032183996096
    ],
    "-1,0": [
      20.13532128754084,
      9.380481700340646,
      -0.1,
      7.246680581374235,
      10.167332733105962,
      11.602410422542393,
      48.99999999999997,
      19.587618997216094,
      4.309999999999998
    ],
    "-1,1": [
      4.2194310790955285,
      0.7608164750079761,
      3.773782794803112,
      0.0,
      5.205391669955688,
      3.6600439851994224,
      4.293431179623739,
      48.9999999998948,
      7.948159325731238
    ],
    "0,1": [
      48.99999999999997,
      19.67440255830383,
      4.309999999969828,
      13.157836866930072,
      13.495238968859766,
      8.3832517321738,
      24.32671276213911,
      21.934807966987506,
      20.375257201777615
    ],
    "0,0": [
      0.0,
      0.0,
      0.0,
      0.0,
      0.0,
      0.0,
      0.0,
      0.0,
      0.0
    ],
    "1,4": [
      -0.1,
      -0.1,
      -0.1,
      0.0,
      0.0,
      0.0,
      -0.1,
      1.1911899406921225,
      0.0
    ],
    "1,3": [
      -0.1,
      36.88510557936868,
      1.0437500596056086,
      0.0,
      0.0,
      0.0,
      0.0,
      0.0,
      0.0
    ],
    "2,3": [
      0.7974536889691458,
      36.26969620371559,
      0.0,
      -0.1,
      0.0,
      0.0,
      0.0,
      0.0,
      0.0
    ],
    "2,2": [
      -0.1,
      9.332229596095036,
      37.450457883080546,
      0.0,
      0.0,
      0.0,
      0.1355134412954597,
      0.0,
      0.0
    ],
    "1,2": [
      8.103787757398738,
      43.09999526195784,
      0.0,
      0.0,
      -0.1,
      0.6679657451620348,
      0.0,
      4.75785128581518,
      3.754530761941412
    ],
    "1,1": [
      15.35216664351949,
      48.99999999999997,
      14.565642848402423,
      6.86998191394478,
      3.7760251118964505,
      0.027493910000000035,
      6.353995329260014,
      12.8023258238066,
      10.509504554065233
    ],
    "2,1": [
      3.688999965544693,
      43.09967339081299,
      8.188864184916618,
      5.324751572556071,
      0.0,
      0.0,
      3.488041463149549,
      7.111363373622748,
      3.1937099742903237
    ],
    "2,0": [
      1.6858835287221035,
      7.702148638286496,
      43.09999981689035,
      6.960454667068809,
      3.094140154756978,
      5.294835990210498,
      3.1995192594412094,
      0.19621855343884376,
      2.841907363158023
    ],
    "2,-1": [
      5.5462360409067095,
      3.113786067237683,
      10.906701225799585,
      43.09999999999994,
      5.489988412623683,
      6.190603027131814,
      3.0265290550271677,
      1.5166687403606174,
      15.44526771926142
    ],
    "1,-1": [
      18.91376722082318,
      10.407209606624619,
      43.099989382190195,
      13.279,
      21.78620170969741,
      5.949011740560437,
      10.560952612820955,
      6.5947150938138845,
      17.776434602448543
    ],
    "1,0": [
      6.4047740987521635,
      1.9663451900000006,
      48.99999999999997,
      0.0,
      3.0990371697069117,
      9.216087086827347,
      7.060640226713449,
      8.612642154347398,
      16.718619853384617
    ],
    "1,-2": [
      -0.1,
      3.3009654069681518,
      3.6718971838689853,
      43.099990154848385,
      9.71070483295369,
      7.099096362105348,
      6.07487878521424,
      1.7266667584299416,
      10.51923817725466
    ],
    "0,-2": [
      -0.1,
      0.22705779836379586,
      3.7746420774408573,
      0.0,
      43.098973227925924,
      7.057851294241974,
      6.049251190622945,
      0.0,
      0.0
    ],
    "0,-1": [
      0.6946791072150046,
      0.0,
      0.0,
      4.30999826862991,
      48.999990798789476,
      0.0,
      3.2854952539443,
      0.0,
      8.019164743107034
    ],
    "-3,-2": [
      -0.1,
      0.10494245055169978,
      -0.1,
      -0.1,
      -0.11933566453685115,
      37.19350749558085,
      0.0,
      0.0,
      0.0
    ],
    "-3,-3": [
      -0.1,
      0.0,
      0.0,
      0.0,
      -0.1,
      -0.1,
      21.837454436572425,
      -0.1,
      -0.1
    ],
    "-4,-2": [
      0.0,
      0.0,
      0.0,
      0.0,
      -0.1,
      21.71893681050863,
      0.0,
      0.0,
      0.0
    ],
    "-3,-1": [
      -0.1,
      0.0,
      0.0,
      1.0632472328125624,
      -0.1,
      34.785486212225244,
      7.09907211881238,
      2.4599756840931355,
      0.0
    ],
    "-1,-2": [
      0.0,
      0.0,
      0.0,
      9.948841109316529,
      0.0,
      43.0999812692819,
      3.745990129366116,
      0.0,
      0.0
    ],
    "1,-3": [
      0.0,
      0.0,
      -0.1,
      -0.005967999999999985,
      35.305619082934754,
      0.0,
      0.0,
      0.0,
      1.4609350632501532
    ],
    "0,-3": [
      -0.1,
      -0.1,
      0.33268163281972074,
      3.777312986643778,
      25.894848038141888,
      37.78996992275541,
      2.248148856897518,
      0.0,
      1.4542824020582337
    ],
    "-1,-1": [
      22.48621676237757,
      2.9472899415347764,
      8.466760574285942,
      10.11125273853305,
      24.012304464724465,
      48.99999999999997,
      35.470204380048756,
      14.177312322846294,
      17.66519594758038
    ],
    "-3,0": [
      2.8508094735244995,
      0.0,
      -0.1,
      0.0,
      -0.13114611470548238,
      -0.0014400999999999997,
      35.12019565909262,
      0.0,
      -0.04411122762386417
    ],
    "-4,-1": [
      -0.1,
      0.0,
      0.0,
      0.0,
      -0.1,
      15.68422018413732,
      0.0,
      0.0,
      0.0
    ],
    "-3,-4": [
      0.0,
      0.0,
      0.0,
      0.0,
      0.0,
      0.0,
      0.0,
      0.0,
      0.0
    ],
    "-2,-4": [
      0.0,
      0.0,
      -0.1,
      0.0,
      22.2489782240948,
      0.0,
      0.0,
      0.0,
      -0.19
    ],
    "-2,-3": [
      0.0,
      0.0,
      0.0,
      0.0,
      -0.1,
      36.24470236056182,
      0.0,
      0.0,
      0.0
    ],
    "-2,2": [
      2.119355196869086,
      -0.1,
      2.0107149083872145,
      0.6382079581854186,
      -0.1,
      0.0,
      0.0,
      43.099869938537864,
      3.170296590503267
    ],
    "-2,3": [
      -0.19,
      -0.03304611470548237,
      -0.1,
      0.0,
      0.0,
      0.0,
      -0.06597482968861208,
      14.753035611191759,
      0.0
    ],
    "3,1": [
      3.211099845333603,
      37.789997143099555,
      10.834423101220272,
      -0.1,
      -0.1,
      -0.1,
      0.0,
      0.0,
      3.1228983295369335
    ],
    "3,0": [
      -0.1,
      4.1230373400799945,
      37.78999897417708,
      3.6445027542919526,
      5.894487630294984,
      0.0,
      0.0,
      0.0,
      1.9765984198715434
    ],
    "-3,1": [
      -0.1,
      -0.1,
      -0.1,
      0.0,
      -0.1,
      37.77068588606107,
      35.87101581121894,
      0.6443085858484427,
      0.0
    ],
    "-4,1": [
      -0.1,
      0.0,
      0.0,
      0.0,
      0.0,
      0.0,
      0.0,
      0.0,
      0.0
    ],
    "-4,2": [
      -0.1,
      0.0,
      0.0,
      0.0,
      -0.1,
      0.0,
      0.0,
      0.0,
      0.0
    ],