{
  "actions": [
    "N",
    "NE",
    "E",
    "SE",
    "S",
    "SW",
    "W",
    "NW"
  ],
  "params": {
    "alpha": 0.1,
    "gamma": 0.9,
    "epsilon": 0.01
  },
  "q": {
    "2,2": [
      8.86854565357814,
      0.0,
      0.9149443476561965,
      0.29640063089501745,
      0.0,
      0.0,
      0.7900864570465447,
      0.0
    ],
    "2,1": [
      1.047797223788515,
      0.6478688028013169,
      8.326229154726162,
      9.391760876265272,
      0.30696631451539025,
      0.9132548794453484,
      0.3450327197865016,
      0.0
    ],
    "2,0": [
      9.493599784327198,
      2.2817710328518817,
      9.036424270486423,
      0.2617904529220464,
      0.48314260347136084,
      0.0,
      0.9490066004865372,
      0.5888619150837797
    ],
    "2,-1": [
      0.0,
      0.0,
      9.519669459226552,
      0.0,
      0.29801443609165984,
      0.1684387286089649,
      0.667117952702097,
      0.0
    ],
    "1,0": [
      9.517750224088056,
      0.515814969358003,
      0.0,
      0.701590504360697,
      4.03734012330238,
      8.827651315311604,
      0.6631797962927948,
      0.6057220412576783
    ],
    "1,-1": [
      0.0,
      1.6095977998188837,
      9.588825345021508,
      -13.279,
      2.2134624411762296,
      3.1059008605021754,
      2.6524098375220344,
      0.4609666793727012
    ],
    "0,-1": [
      2.3131856614525614,
      0.48813185450580265,
      9.564239635016646,
      2.5880476050071963,
      -16.851100000000002,
      9.42868896629398,
      2.5898693300344364,
      0.7665533300012612
    ],
    "-1,-3": [
      0.28153900000000004,
      0.0,
      0.7782482263415902,
      0.40780335236848586,
      9.331301124159424,
      0.5140423188272653,
      0.4609845165960703,
      0.0
    ],
    "-1,-4": [
      0.0,
      0.0,
      0.1,
      0.0,
      7.835517793545464,
      0.0,
      0.0,
      0.0
    ],
    "-2,-3": [
      0.0,
      0.0,
      0.4570438706303662,
      0.0,
      8.2829544993479,
      0.0,
      0.0,
      0.0
    ],
    "-2,-2": [
      0.0,
      0.0,
      0.0,
      0.0,
      0.2995552204118937,
      0.2828539088708005,
      9.020907471955699,
      0.0
    ],
    "-1,-2": [
      1.2218742277038661,
      0.4808069826722462,
      0.824607565767147,
      1.2875762640874302,
      9.528148437452607,
      0.3618209764030591,
      1.3238410039918023,
      0.0
    ],
    "-1,-1": [
      1.5000425541861078,
      0.29170284528710433,
      9.543071992211289,
      1.331059098848609,
      0.6643258258066023,
      -9.31,
      8.739049244564296,
      0.0
    ],
    "-2,-1": [
      0.0,
      0.0,
      0.0,
      0.0,
      0.7227303216290866,
      9.686249822895942,
      0.1098829,
      0.0
    ],
    "-2,0": [
      1.1931655998948436,
      0.0,
      0.0,
      0.0,
      9.252826827478284,
      2.0807658323002016,
      9.730361416027183,
      2.206038788349855
    ],
    "-2,1": [
      9.483808603100986,
      0.0,
      0.13281864612538216,
      0.0,
      0.25999179295016567,
      1.201456871146562,
      2.0559202074041907,
      0.0
    ],
    "-1,1": [
      9.736509810271837,
      0.5460518542877727,
      0.35398022764802883,
      0.25344699374276664,
      0.0,
      0.0,
      0.5589141705896071,
      -9.31
    ],
    "-1,0": [
      9.480557730865609,
      1.6698115275929064,
      3.845413422206621,
      2.231671588651224,
      9.747688073256553,
      2.106835797099002,
      -27.907106710000004,
      2.027750464553512
    ],
    "0,1": [
      -40.828180967163384,
      3.0938123574808083,
      6.087272002024023,
      9.74107434090124,
      3.880010094456325,
      3.785022450324224,
      9.5448838951214,
      4.769718447326284
    ],
    "-1,2": [
      9.723465258557244,
      0.0,
      0.0,
      0.22214566478034706,
      0.37485100000000005,
      1.2684341707829665,
      0.8819170763053458,
      1.799710818625125
    ],
    "0,2": [
      9.677648189045271,
      0.3537060491134659,
      0.9401803024895197,
      0.6347673583386683,
      1.7619887651212767,
      0.0,
      0.0,
      0.0
    ],
    "0,0": [
      0.0,
      0.0,
      0.0,
      0.0,
      0.0,
      0.0,
      0.0,
      0.0
    ],
    "3,3": [
      6.087196832101192,
      0.0,
      0.0,
      0.0,
      0.0,
      0.0,
      0.0,
      0.0
    ],
    "3,2": [
      7.757364288685332,
      0.0,
      0.549251957227832,
      0.0,
      0.0,
      0.0,
      0.0,
      0.0
    ],
    "4,2": [
      2.347713983472503,
      0.0,
      0.0,
      3.385355898689266,
      0.0,
      0.0,
      0.0,
      0.0
    ],
    "3,1": [
      8.405552424665402,
      0.4384570360083023,
      0.9197254861833454,
      0.3764258520641213,
      0.0,
      0.0,
      0.0,
      0.37527895530908095
    ],
    "1,2": [
      7.944216893059556,
      1.2504711631999648,
      0.0,
      9.505676657513991,
      0.0,
      0.0,
      0.0,
      1.4418313726604493
    ],
    "-1,3": [
      9.547459136607568,
      0.4153886199994906,
      0.0,
      0.0,
      0.0,
      0.0,
      0.43705546018879365,
      0.0
    ],
    "0,3": [
      9.570773922031238,
      0.21295258704767211,
      0.0,
      0.0,
      0.0,
      0.0,
      0.18249644903050244,
      0.387471191518572
    ],
    "1,1": [
      9.499734284523988,
      -4.9,
      1.029705173216917,
      0.6906443596504244,
      0.7602704741475174,
      0.6510839456436575,
      0.44173853110712236,
      0.6041465628041405
    ],
    "2,3": [
      8.420929061394432,
      0.0,
      0.6136556012492123,
      0.0,
      0.0,
      0.0,
      0.0,
      1.9692178112998857
    ],
    "3,0": [
      8.857606848253617,
      0.2634582367157714,
      6.505120961125434,
      0.0,
      0.0,
      0.1,
      0.0,
      0.0
    ],
    "4,1": [
      5.071089077966265,
      0.0,
      0.5623087941450172,
      0.0,
      0.0,
      0.0,
      0.0,
      0.0
    ],
    "3,4": [
      0.4343126773181425,
      0.0,
      3.955887513726939,
      0.0,
      0.0,
      0.0,
      0.0,
      0.0
    ],
    "2,4": [
      6.431839866648036,
      0.0,
      0.0,
      0.0,
      0.0,
      0.0,
      0.0,
      0.0
    ],
    "2,-2": [
      0.46861608799287224,
      1.1180587720516522,
      9.307554684165424,
      1.7151066811036366,
      1.9475493074445605,
      0.23991330269107689,
      0.24912378755148368,
      0.0
    ],
    "2,-3": [
      0.39029049527293946,
      0.0,
      8.143245877565422,
      0.0,
      0.0,
      0.8039048534706069,
      0.0,
      0.0
    ],
    "1,-2": [
      0.3140279707331282,
      0.0,
      9.29119067993638,
      1.8943435893815828,
      0.8963988592631176,
      0.0,
      1.69856107312425,
      0.38575873124222293
    ],
    "-3,-2": [
      0.0,
      0.13969132957645716,
      0.0,
      0.19340702522870357,
      7.177425998619038,
      0.474423369476522,
      0.0,
      0.0
    ],
    "-3,-1": [
      0.1311164872143571,
      0.0,
      0.1365371943301,
      0.5698877482885114,
      8.849042509516757,
      1.0969755735586073,
      0.18083287082927663,
      0.0
    ],
    "-3,0": [
      7.767229482896496,
      0.0,
      0.0,
      0.0,
      0.7970034992611892,
      9.259854636038941,
      0.20854527235574383,
      0.22670276459346841
    ],
    "0,4": [
      8.829696843854993,
      0.3929096057167773,
      0.0,
      0.0,
      0.0,
      0.0,
      0.11251952242380413,
      0.0
    ],
    "3,-1": [
      5.537781138758519,
      0.0,
      9.309433164041662,
      0.8946570855873208,
      0.0,
      0.0,
      0.0,
      0.0
    ],
    "4,-1": [
      0.1,
      0.0,
      7.6303050064453775,
      0.12768945481000002,
      0.15420565541701983,
      0.0,
      0.0,
      0.0
    ],
    "4,-2": [
      0.27717486011199555,
      0.0,
      7.107275544017463,
      0.0,
      0.1405608522383652,
      0.0,
      0.0,
      0.0
    ],