{
  "actions": [
    "N",
    "NE",
    "E",
    "SE",
    "S",
    "SW",
    "W",
    "NW"
  ],
  "params": {
    "alpha": 0.1,
    "gamma": 0.9,
    "epsilon": 0.01
  },
  "q": {
    "1,1": [
      10.000060173497348,
      0.0,
      1.1088068323712412,
      0.1595834378243852,
      0.3215201511439545,
      0.0,
      1.6709194097532096,
      0.3200543835906703
    ],
    "1,0": [
      8.663354288744133,
      3.4237172421860347,
      -31.914756435100003,
      10.000018694943657,
      1.2131306499497116,
      1.4804741345970496,
      3.929937912931306,
      9.99784445143848
    ],
    "2,1": [
      9.999530715647973,
      0.0,
      0.18389083266387735,
      0.0,
      0.0,
      0.24380618696507714,
      0.45274102353691337,
      0.0
    ],
    "2,0": [
      0.9956204406422007,
      2.5960927709754493,
      10.00006030768384,
      1.8939606368773254,
      1.624016344725036,
      0.0,
      0.5211893109489937,
      0.5539855078179005
    ],
    "0,0": [
      0.0,
      0.0,
      0.0,
      0.0,
      0.0,
      0.0,
      0.0,
      0.0
    ],
    "-2,-2": [
      0.19938267094380702,
      0.0,
      0.0,
      0.4250043555224861,
      1.5769881903468594,
      3.9754751173275706,
      10.000281148334258,
      0.0
    ],
    "-1,-2": [
      0.7130860120571779,
      0.5540591453150209,
      0.6627641843945451,
      0.0,
      0.9089337243117541,
      0.35904497301500404,
      10.000218198452798,
      0.0
    ],
    "-1,-1": [
      1.0000331965170453,
      0.5741498277944604,
      0.8724875497563379,
      0.0,
      10.000031122929471,
      -9.31,
      0.0,
      0.0
    ],
    "-2,-1": [
      2.4736540449567306,
      0.0,
      0.4219072699691858,
      0.0,
      9.90911801481091,
      0.2075883203520178,
      2.198375487267458,
      1.7286775620282318
    ],
    "-2,0": [
      7.097480114935345,
      0.32422942310524083,
      0.6259850543505338,
      0.423321676597489,
      9.922762061253946,
      0.946277393054552,
      1.9063128159291058,
      0.0
    ],
    "-2,1": [
      0.3078089471931177,
      0.6337472860148278,
      0.39111087234376757,
      0.0,
      0.0,
      9.94927098024227,
      0.0,
      8.238716607416219
    ],
    "-1,1": [
      10.000025795627204,
      0.0,
      0.0,
      0.0,
      1.089055223967888,
      1.0215359414392375,
      0.9387777809845389,
      -4.9
    ],
    "-1,0": [
      3.3109222538122687,
      0.9769402496449584,
      0.8174524690986922,
      0.0,
      4.557349403546565,
      9.596616982716828,
      -16.851100000000002,
      10.000011744377055
    ],
    "4,2": [
      5.478450247415587,
      0.0,
      0.0,
      0.0,
      0.0,
      0.0,
      0.0,
      0.0
    ],
    "4,1": [
      0.19575512986537277,
      0.0,
      8.813449782883195,
      0.0,
      0.0,
      0.0,
      0.0,
      0.0
    ],
    "4,0": [
      0.19,
      0.0,
      8.628942098898431,
      0.0,
      0.0,
      0.0,
      0.0,
      0.0
    ],
    "4,-1": [
      0.0,
      0.48056975290146053,
      7.651581572095105,
      0.856886065923439,
      0.0,
      0.0,
      0.0,
      0.0
    ],
    "3,0": [
      0.718381719658693,
      2.526193354692891,
      9.999759213443477,
      1.2221788044636337,
      0.48065144958227224,
      0.0,
      0.0,
      0.14383642655338139
    ],
    "3,-1": [
      0.0,
      0.0,
      9.99506589294187,
      0.0,
      0.14070825757000002,
      0.2323405198567406,
      0.24783080325526738,
      0.0
    ],
    "2,-1": [
      1.4114128647712387,
      0.5761712836842476,
      10.000042447678855,
      2.4069835189601405,
      0.20606218359067024,
      0.0,
      0.0,
      0.0
    ],
    "1,-1": [
      3.5798076408039914,
      4.404490902756619,
      10.000011732981465,
      -33.623280791590005,
      5.8502200186398,
      0.14977240300000003,
      1.9678921304666683,
      1.808087646054731
    ],
    "0,-1": [
      6.17630167911255,
      3.9962361544207674,
      5.58639943767846,
      9.999950468866908,
      -33.623280791590005,
      6.170502696229834,
      10.00001126346713,
      3.970960911973214
    ],
    "-2,2": [
      9.938839206220072,
      0.8724073831042927,
      0.0,
      0.0,
      0.0,
      0.0,
      3.9555999203710708,
      4.2872885609608655
    ],
    "-3,2": [
      7.277098661927631,
      0.0,
      0.0,
      0.0,
      0.0,
      0.0,
      0.0,
      0.0
    ],
    "-3,1": [
      9.165786250050822,
      0.0,
      0.0,
      0.1539346234252757,
      0.0,
      0.19848379275601435,
      0.4529468107532377,
      2.6856344087300843
    ],
    "-1,2": [
      9.993122776548788,
      4.64721881178443,
      0.7859781443885271,
      0.0,
      0.35780321480399807,
      0.26485467736519774,
      0.0,
      3.147635456115935
    ],
    "0,2": [
      1.908562127392922,
      0.9744733884261797,
      9.465247497348418,
      0.0,
      0.14981998815613043,
      0.16531131164939863,
      0.35575406973019497,
      10.000125486812854
    ],
    "0,1": [
      -31.914756435100003,
      10.00001520900981,
      1.000035883918532,
      1.4066694790918453,
      7.2982946505863415,
      1.759087783581725,
      9.974246282149393,
      0.8699468143157155
    ],
    "1,2": [
      9.99888379744086,
      0.0,
      0.0,
      1.3991833899502208,
      1.2183915714317646,
      0.0,
      1.7545439539828211,
      0.19923684257201307
    ],
    "2,2": [
      9.999146263720124,
      2.94644497962402,
      3.1743007284797873,
      0.29650185559519426,
      0.0,
      0.19645673686160522,
      0.0,
      0.4636278241611271
    ],
    "1,3": [
      9.453498442103236,
      0.0,
      0.16233109413123242,
      0.0,
      0.2754690374301678,
      0.0,
      0.0,
      0.0
    ],
    "1,4": [
      7.520851221549919,
      1.090703264749788,
      0.0,
      0.0,
      0.0,
      0.0,
      0.0,
      0.0
    ],
    "2,3": [
      9.759834348667875,
      0.18253165232358734,
      0.0,
      0.0,
      0.1,
      0.0,
      0.0,
      0.2711520724430709
    ],
    "2,4": [
      7.0158253386863185,
      0.0,
      0.0,
      0.0,
      0.0,
      0.0,
      0.0,
      0.3998001363890582
    ],
    "3,4": [
      0.1,
      6.127889780242378,
      0.0,
      0.0,
      0.0,
      0.0,
      0.0,
      0.0
    ],
    "3,3": [
      0.0,
      0.9767932440830305,
      8.497535836931878,
      0.0,
      0.0,
      0.0,
      0.0,
      0.0
    ],
    "3,2": [
      9.489201619432247,
      0.0,
      0.0,
      0.0,
      0.13928719898917621,
      0.0,
      0.0,
      0.0
    ],
    "3,1": [
      9.894787264680506,
      0.0,
      0.5288447007679129,
      0.0,
      0.0,
      0.0,
      0.45651729428821797,
      0.5187597781389238
    ],
    "2,-2": [
      0.0,
      0.0,
      3.981044036495808,
      4.071056608048516,
      10.000056193686635,
      0.0,
      0.1,
      0.0
    ],
    "0,-2": [
      0.31989993873196054,
      0.0,
      1.6978346813796819,
      0.0,
      10.000104139225808,
      0.2400738080875251,
      0.0,
      0.23757056747721547
    ],
    "1,-2": [
      1.1059462275765286,
      0.24587201550765225,
      8.013597930983087,
      0.7763256764211871,
      1.8977804313301312,
      1.3131359636798328,
      10.000076901748002,
      0.501912945180876
    ],
    "1,-3": [
      0.0,
      0.11863900000000001,
      9.841739103163228,
      0.0,
      0.0,
      0.0,
      0.48641751296585534,
      0.132777976141
    ],
    "-1,3": [
      9.724621215630217,
      0.0,
      0.1,
      0.0,
      0.0,
      0.11487801804844588,
      0.0,
      0.0
    ],
    "-2,3": [
      9.539330980861754,
      0.1390199330048521,
      0.0,
      0.0,
      0.11253457853125833,
      0.1216197271234819,
      0.0,
      0.5086372728149476
    ],
    "-3,3": [
      0.10900000000000001,
      0.0,
      0.0,
      0.0,
      0.0,
      0.0,
      0.0,
      8.432572353065304
    ],